State or Region,Institution Sector,sector_sort,Fall_2018,Fall_2019,Fall_2020
United States,Overall,1,97.30%,97.10%,97.30%
United States,All 4-year Institutions,2,97.50%,97.50%,97.70%
United States,All 2-year Institutions,3,96.70%,96.30%,96.30%
United States,All Public Institutions,4,99.50%,99.50%,99.50%
United States,"All Private, not-for-profit Institutions",5,95.50%,95.40%,95.60%
United States,"All Private, for-profit Institutions",6,70.20%,67.60%,70.00%
United States,"Public, 4-year",7,99.50%,99.60%,99.60%
United States,"Private, not-for-profit, 4-year",8,96.20%,96.10%,96.30%
United States,"Private, for-profit, 4-year",9,81.40%,79.60%,82.40%
United States,"Public, 2-year",10,99.50%,99.40%,99.40%
United States,"Private, not-for-profit, 2-year",11,29.70%,28.40%,28.40%
United States,"Private, for-profit, 2-year",12,19.50%,11.60%,11.60%
Midwest,Overall,1,98.70%,98.50%,98.60%
Midwest,All 4-year Institutions,2,98.70%,98.60%,98.70%
Midwest,All 2-year Institutions,3,98.90%,98.30%,98.30%
Midwest,All Public Institutions,4,99.90%,99.80%,99.80%
Midwest,"All Private, not-for-profit Institutions",5,96.10%,95.90%,96.20%
Midwest,"All Private, for-profit Institutions",6,86.00%,85.60%,85.60%
Midwest,"Public, 4-year",7,100.00%,100.00%,100.00%
Midwest,"Private, not-for-profit, 4-year",8,96.20%,96.00%,96.30%
Midwest,"Private, for-profit, 4-year",9,95.30%,95.70%,95.70%
Midwest,"Public, 2-year",10,99.80%,99.40%,99.40%
Midwest,"Private, not-for-profit, 2-year",11,38.40%,45.20%,45.20%
Midwest,"Private, for-profit, 2-year",12,0.00%,0.00%,0.00%
Northeast,Overall,1,97.70%,97.70%,97.70%
Northeast,All 4-year Institutions,2,97.80%,97.90%,97.90%
Northeast,All 2-year Institutions,3,97.30%,96.90%,96.90%
Northeast,All Public Institutions,4,99.40%,99.40%,99.40%
Northeast,"All Private, not-for-profit Institutions",5,96.40%,96.60%,96.60%
Northeast,"All Private, for-profit Institutions",6,69.90%,67.60%,67.60%
Northeast,"Public, 4-year",7,99.30%,99.30%,99.30%
Northeast,"Private, not-for-profit, 4-year",8,96.70%,96.90%,96.90%
Northeast,"Private, for-profit, 4-year",9,91.90%,91.90%,91.90%
Northeast,"Public, 2-year",10,99.60%,99.60%,99.60%
Northeast,"Private, not-for-profit, 2-year",11,54.60%,48.60%,48.60%
Northeast,"Private, for-profit, 2-year",12,26.50%,4.20%,4.20%
South,Overall,1,97.40%,96.70%,97.10%
South,All 4-year Institutions,2,97.60%,97.60%,98.10%
South,All 2-year Institutions,3,96.90%,95.30%,95.30%
South,All Public Institutions,4,99.60%,99.60%,99.60%
South,"All Private, not-for-profit Institutions",5,92.60%,93.00%,93.20%
South,"All Private, for-profit Institutions",6,56.20%,51.60%,63.90%
South,"Public, 4-year",7,99.80%,99.80%,99.80%
South,"Private, not-for-profit, 4-year",8,94.60%,94.90%,95.20%
South,"Private, for-profit, 4-year",9,64.40%,60.00%,75.60%
South,"Public, 2-year",10,99.40%,99.30%,99.30%
South,"Private, not-for-profit, 2-year",11,15.10%,12.10%,12.10%
South,"Private, for-profit, 2-year",12,22.90%,19.90%,19.90%
West,Overall,1,97.40%,97.10%,97.10%
West,All 4-year Institutions,2,97.00%,96.50%,96.60%
West,All 2-year Institutions,3,98.10%,98.00%,98.00%
West,All Public Institutions,4,99.40%,99.40%,99.40%
West,"All Private, not-for-profit Institutions",5,96.90%,96.20%,96.40%
West,"All Private, for-profit Institutions",6,36.20%,23.30%,23.30%
West,"Public, 4-year",7,99.10%,99.20%,99.20%
West,"Private, not-for-profit, 4-year",8,97.10%,96.40%,96.60%
West,"Private, for-profit, 4-year",9,44.60%,28.00%,28.00%
West,"Public, 2-year",10,99.80%,99.80%,99.80%
West,"Private, not-for-profit, 2-year",11,66.80%,61.20%,61.20%
West,"Private, for-profit, 2-year",12,10.60%,10.70%,10.70%
Alabama,Overall,1,99.50%,99.60%,99.60%
Alabama,All 4-year Institutions,2,99.50%,99.60%,99.60%
Alabama,All 2-year Institutions,3,99.40%,99.40%,99.40%
Alabama,All Public Institutions,4,99.80%,99.80%,99.80%
Alabama,"All Private, not-for-profit Institutions",5,95.70%,96.70%,96.70%
Alabama,"All Private, for-profit Institutions",6,100.00%,100.00%,100.00%
Alabama,"Public, 4-year",7,100.00%,100.00%,100.00%
Alabama,"Private, not-for-profit, 4-year",8,95.70%,96.70%,96.70%
Alabama,"Private, for-profit, 4-year",9,100.00%,100.00%,100.00%
Alabama,"Public, 2-year",10,99.40%,99.40%,99.40%
Alabama,"Private, not-for-profit, 2-year",11,.,.,.
Alabama,"Private, for-profit, 2-year",12,.,.,.
Alaska,Overall,1,97.90%,97.90%,97.90%
Alaska,All 4-year Institutions,2,99.80%,99.80%,99.80%
Alaska,All 2-year Institutions,3,0.00%,0.00%,0.00%
Alaska,All Public Institutions,4,100.00%,100.00%,100.00%
Alaska,"All Private, not-for-profit Institutions",5,79.90%,79.70%,79.70%
Alaska,"All Private, for-profit Institutions",6,0.00%,0.00%,0.00%
Alaska,"Public, 4-year",7,100.00%,100.00%,100.00%
Alaska,"Private, not-for-profit, 4-year",8,91.80%,93.00%,93.00%
Alaska,"Private, for-profit, 4-year",9,.,.,.
Alaska,"Public, 2-year",10,.,.,.
Alaska,"Private, not-for-profit, 2-year",11,0.00%,0.00%,0.00%
Alaska,"Private, for-profit, 2-year",12,0.00%,0.00%,0.00%
Arizona,Overall,1,98.20%,98.10%,98.10%
Arizona,All 4-year Institutions,2,98.80%,98.90%,98.90%
Arizona,All 2-year Institutions,3,97.20%,96.90%,96.90%
Arizona,All Public Institutions,4,99.90%,99.90%,99.90%
Arizona,"All Private, not-for-profit Institutions",5,99.20%,99.30%,99.30%
Arizona,"All Private, for-profit Institutions",6,9.20%,8.90%,8.90%
Arizona,"Public, 4-year",7,100.00%,100.00%,100.00%
Arizona,"Private, not-for-profit, 4-year",8,99.20%,99.30%,99.30%
Arizona,"Private, for-profit, 4-year",9,21.40%,22.40%,22.40%
Arizona,"Public, 2-year",10,99.70%,99.80%,99.80%
Arizona,"Private, not-for-profit, 2-year",11,.,.,.
Arizona,"Private, for-profit, 2-year",12,0.00%,0.00%,0.00%
Arkansas,Overall,1,98.50%,98.50%,98.50%
Arkansas,All 4-year Institutions,2,99.10%,98.90%,98.90%
Arkansas,All 2-year Institutions,3,96.80%,97.50%,97.50%
Arkansas,All Public Institutions,4,99.40%,98.80%,98.80%
Arkansas,"All Private, not-for-profit Institutions",5,90.30%,95.30%,95.30%
Arkansas,"All Private, for-profit Institutions",6,.,.,.
Arkansas,"Public, 4-year",7,100.00%,99.20%,99.20%
Arkansas,"Private, not-for-profit, 4-year",8,93.60%,96.80%,96.80%
Arkansas,"Private, for-profit, 4-year",9,.,.,.
Arkansas,"Public, 2-year",10,98.10%,98.10%,98.10%
Arkansas,"Private, not-for-profit, 2-year",11,50.30%,69.00%,69.00%
Arkansas,"Private, for-profit, 2-year",12,.,.,.
California,Overall,1,97.50%,97.10%,97.10%
California,All 4-year Institutions,2,96.50%,95.70%,95.80%
California,All 2-year Institutions,3,98.70%,98.60%,98.60%
California,All Public Institutions,4,99.90%,100.00%,100.00%
California,"All Private, not-for-profit Institutions",5,94.40%,94.00%,94.50%
California,"All Private, for-profit Institutions",6,45.90%,26.90%,26.90%
California,"Public, 4-year",7,100.00%,100.00%,100.00%
California,"Private, not-for-profit, 4-year",8,94.60%,94.40%,94.90%
California,"Private, for-profit, 4-year",9,52.70%,29.40%,29.40%
California,"Public, 2-year",10,99.90%,99.90%,99.90%
California,"Private, not-for-profit, 2-year",11,0.00%,0.00%,0.00%
California,"Private, for-profit, 2-year",12,18.90%,18.30%,18.30%
Colorado,Overall,1,90.90%,90.20%,90.20%
Colorado,All 4-year Institutions,2,91.20%,91.30%,91.30%
Colorado,All 2-year Institutions,3,88.50%,77.80%,77.80%
Colorado,All Public Institutions,4,94.10%,94.10%,94.10%
Colorado,"All Private, not-for-profit Institutions",5,97.70%,97.70%,97.70%
Colorado,"All Private, for-profit Institutions",6,22.50%,22.30%,22.30%
Colorado,"Public, 4-year",7,93.10%,93.60%,93.60%
Colorado,"Private, not-for-profit, 4-year",8,97.70%,97.70%,97.70%
Colorado,"Private, for-profit, 4-year",9,33.00%,30.90%,30.90%
Colorado,"Public, 2-year",10,100.00%,100.00%,100.00%
Colorado,"Private, not-for-profit, 2-year",11,.,.,.
Colorado,"Private, for-profit, 2-year",12,0.00%,4.40%,4.40%
Connecticut,Overall,1,99.10%,99.10%,99.10%
Connecticut,All 4-year Institutions,2,98.80%,98.80%,98.80%
Connecticut,All 2-year Institutions,3,100.00%,100.00%,100.00%
Connecticut,All Public Institutions,4,99.10%,99.00%,99.00%
Connecticut,"All Private, not-for-profit Institutions",5,99.10%,99.00%,99.00%
Connecticut,"All Private, for-profit Institutions",6,99.20%,100.00%,100.00%
Connecticut,"Public, 4-year",7,98.40%,98.40%,98.40%
Connecticut,"Private, not-for-profit, 4-year",8,99.10%,99.00%,99.00%
Connecticut,"Private, for-profit, 4-year",9,99.20%,100.00%,100.00%
Connecticut,"Public, 2-year",10,100.00%,100.00%,100.00%
Connecticut,"Private, not-for-profit, 2-year",11,.,.,.
Connecticut,"Private, for-profit, 2-year",12,.,.,.
Delaware,Overall,1,97.50%,97.80%,97.80%
Delaware,All 4-year Institutions,2,97.50%,97.80%,97.80%
Delaware,All 2-year Institutions,3,100.00%,100.00%,100.00%
Delaware,All Public Institutions,4,100.00%,100.00%,100.00%
Delaware,"All Private, not-for-profit Institutions",5,91.60%,92.30%,92.30%
Delaware,"All Private, for-profit Institutions",6,.,,
Delaware,"Public, 4-year",7,100.00%,100.00%,100.00%
Delaware,"Private, not-for-profit, 4-year",8,91.50%,92.30%,92.30%
Delaware,"Private, for-profit, 4-year",9,.,.,.
Delaware,"Public, 2-year",10,.,.,.
Delaware,"Private, not-for-profit, 2-year",11,100.00%,100.00%,100.00%
Delaware,"Private, for-profit, 2-year",12,.,.,.
District_of_Columbia,Overall,1,99.40%,99.40%,99.40%
District_of_Columbia,All 4-year Institutions,2,99.80%,99.80%,99.80%
District_of_Columbia,All 2-year Institutions,3,0.00%,0.00%,0.00%
District_of_Columbia,All Public Institutions,4,100.00%,100.00%,100.00%
District_of_Columbia,"All Private, not-for-profit Institutions",5,99.80%,99.80%,99.80%
District_of_Columbia,"All Private, for-profit Institutions",6,0.00%,0.00%,0.00%
District_of_Columbia,"Public, 4-year",7,100.00%,100.00%,100.00%
District_of_Columbia,"Private, not-for-profit, 4-year",8,99.80%,99.80%,99.80%
District_of_Columbia,"Private, for-profit, 4-year",9,.,.,.
District_of_Columbia,"Public, 2-year",10,.,.,.
District_of_Columbia,"Private, not-for-profit, 2-year",11,.,.,.
District_of_Columbia,"Private, for-profit, 2-year",12,0.00%,0.00%,0.00%
Florida,Overall,1,91.70%,91.40%,93.50%
Florida,All 4-year Institutions,2,94.20%,93.80%,96.00%
Florida,All 2-year Institutions,3,50.60%,50.60%,50.60%
Florida,All Public Institutions,4,99.80%,100.00%,100.00%
Florida,"All Private, not-for-profit Institutions",5,74.30%,74.90%,74.90%
Florida,"All Private, for-profit Institutions",6,21.60%,12.50%,55.50%
Florida,"Public, 4-year",7,99.80%,100.00%,100.00%
Florida,"Private, not-for-profit, 4-year",8,84.00%,84.30%,84.30%
Florida,"Private, for-profit, 4-year",9,12.30%,0.50%,60.70%
Florida,"Public, 2-year",10,100.00%,100.00%,100.00%
Florida,"Private, not-for-profit, 2-year",11,0.00%,0.00%,0.00%
Florida,"Private, for-profit, 2-year",12,42.50%,42.30%,42.30%
Georgia,Overall,1,99.20%,99.20%,99.60%
Georgia,All 4-year Institutions,2,99.30%,99.20%,99.80%
Georgia,All 2-year Institutions,3,99.00%,99.00%,99.00%
Georgia,All Public Institutions,4,100.00%,100.00%,100.00%
Georgia,"All Private, not-for-profit Institutions",5,95.60%,95.50%,98.40%
Georgia,"All Private, for-profit Institutions",6,35.30%,29.70%,29.70%
Georgia,"Public, 4-year",7,100.00%,100.00%,100.00%
Georgia,"Private, not-for-profit, 4-year",8,96.20%,96.10%,99.10%
Georgia,"Private, for-profit, 4-year",9,100.00%,100.00%,100.00%
Georgia,"Public, 2-year",10,100.00%,100.00%,100.00%
Georgia,"Private, not-for-profit, 2-year",11,66.30%,62.70%,62.70%
Georgia,"Private, for-profit, 2-year",12,0.00%,0.00%,0.00%
Hawaii,Overall,1,98.50%,98.60%,98.60%
Hawaii,All 4-year Institutions,2,99.40%,99.40%,99.40%
Hawaii,All 2-year Institutions,3,97.20%,97.40%,97.40%
Hawaii,All Public Institutions,4,100.00%,100.00%,100.00%
Hawaii,"All Private, not-for-profit Institutions",5,98.40%,98.50%,98.50%
Hawaii,"All Private, for-profit Institutions",6,0.00%,0.00%,0.00%
Hawaii,"Public, 4-year",7,100.00%,100.00%,100.00%
Hawaii,"Private, not-for-profit, 4-year",8,98.40%,98.50%,98.50%
Hawaii,"Private, for-profit, 4-year",9,0.00%,0.00%,0.00%
Hawaii,"Public, 2-year",10,100.00%,100.00%,100.00%
Hawaii,"Private, not-for-profit, 2-year",11,.,,
Hawaii,"Private, for-profit, 2-year",12,0.00%,0.00%,0.00%
Idaho,Overall,1,99.90%,99.90%,99.90%
Idaho,All 4-year Institutions,2,99.90%,99.90%,99.90%
Idaho,All 2-year Institutions,3,100.00%,100.00%,100.00%
Idaho,All Public Institutions,4,100.00%,100.00%,100.00%
Idaho,"All Private, not-for-profit Institutions",5,99.80%,99.80%,99.80%
Idaho,"All Private, for-profit Institutions",6,.,,
Idaho,"Public, 4-year",7,100.00%,100.00%,100.00%
Idaho,"Private, not-for-profit, 4-year",8,99.80%,99.80%,99.80%
Idaho,"Private, for-profit, 4-year",9,.,.,.
Idaho,"Public, 2-year",10,100.00%,100.00%,100.00%
Idaho,"Private, not-for-profit, 2-year",11,.,.,.
Idaho,"Private, for-profit, 2-year",12,.,.,.
Illinois,Overall,1,99.10%,98.30%,98.30%
Illinois,All 4-year Institutions,2,99.00%,99.00%,99.00%
Illinois,All 2-year Institutions,3,99.20%,97.30%,97.30%
Illinois,All Public Institutions,4,100.00%,98.90%,98.90%
Illinois,"All Private, not-for-profit Institutions",5,98.20%,98.00%,98.00%
Illinois,"All Private, for-profit Institutions",6,21.30%,24.00%,24.00%
Illinois,"Public, 4-year",7,100.00%,100.00%,100.00%
Illinois,"Private, not-for-profit, 4-year",8,98.40%,98.20%,98.20%
Illinois,"Private, for-profit, 4-year",9,56.50%,75.10%,75.10%
Illinois,"Public, 2-year",10,100.00%,98.10%,98.10%
Illinois,"Private, not-for-profit, 2-year",11,0.00%,0.00%,0.00%
Illinois,"Private, for-profit, 2-year",12,0.00%,0.00%,0.00%
Indiana,Overall,1,96.60%,96.40%,96.40%
Indiana,All 4-year Institutions,2,96.00%,95.80%,95.80%
Indiana,All 2-year Institutions,3,99.00%,99.10%,99.10%
Indiana,All Public Institutions,4,100.00%,100.00%,100.00%
Indiana,"All Private, not-for-profit Institutions",5,85.50%,84.50%,84.50%
Indiana,"All Private, for-profit Institutions",6,0.00%,0.00%,0.00%
Indiana,"Public, 4-year",7,100.00%,100.00%,100.00%
Indiana,"Private, not-for-profit, 4-year",8,85.40%,84.40%,84.40%
Indiana,"Private, for-profit, 4-year",9,0.00%,0.00%,0.00%
Indiana,"Public, 2-year",10,100.00%,100.00%,100.00%
Indiana,"Private, not-for-profit, 2-year",11,100.00%,100.00%,100.00%
Indiana,"Private, for-profit, 2-year",12,0.00%,0.00%,0.00%
Iowa,Overall,1,99.60%,99.60%,99.60%
Iowa,All 4-year Institutions,2,99.30%,99.40%,99.40%
Iowa,All 2-year Institutions,3,100.00%,100.00%,100.00%
Iowa,All Public Institutions,4,100.00%,100.00%,100.00%
Iowa,"All Private, not-for-profit Institutions",5,98.40%,98.70%,98.70%
Iowa,"All Private, for-profit Institutions",6,95.90%,95.80%,95.80%
Iowa,"Public, 4-year",7,100.00%,100.00%,100.00%
Iowa,"Private, not-for-profit, 4-year",8,98.40%,98.70%,98.70%
Iowa,"Private, for-profit, 4-year",9,95.90%,95.80%,95.80%
Iowa,"Public, 2-year",10,100.00%,100.00%,100.00%
Iowa,"Private, not-for-profit, 2-year",11,.,.,.
Iowa,"Private, for-profit, 2-year",12,.,.,.
Kansas,Overall,1,99.40%,99.50%,99.50%
Kansas,All 4-year Institutions,2,99.70%,99.80%,99.80%
Kansas,All 2-year Institutions,3,99.00%,98.90%,98.90%
Kansas,All Public Institutions,4,100.00%,100.00%,100.00%
Kansas,"All Private, not-for-profit Institutions",5,98.10%,98.90%,98.90%
Kansas,"All Private, for-profit Institutions",6,0.00%,0.00%,0.00%
Kansas,"Public, 4-year",7,100.00%,100.00%,100.00%
Kansas,"Private, not-for-profit, 4-year",8,98.10%,98.90%,98.90%
Kansas,"Private, for-profit, 4-year",9,.,.,.
Kansas,"Public, 2-year",10,100.00%,100.00%,100.00%
Kansas,"Private, not-for-profit, 2-year",11,.,.,.
Kansas,"Private, for-profit, 2-year",12,0.00%,0.00%,0.00%
Kentucky,Overall,1,97.20%,97.20%,97.20%
Kentucky,All 4-year Institutions,2,96.10%,96.20%,96.20%
Kentucky,All 2-year Institutions,3,99.70%,99.50%,99.50%
Kentucky,All Public Institutions,4,100.00%,100.00%,100.00%
Kentucky,"All Private, not-for-profit Institutions",5,94.00%,94.30%,94.30%
Kentucky,"All Private, for-profit Institutions",6,6.90%,0.00%,0.00%
Kentucky,"Public, 4-year",7,100.00%,100.00%,100.00%
Kentucky,"Private, not-for-profit, 4-year",8,94.00%,94.30%,94.30%
Kentucky,"Private, for-profit, 4-year",9,7.30%,0.00%,0.00%
Kentucky,"Public, 2-year",10,100.00%,100.00%,100.00%
Kentucky,"Private, not-for-profit, 2-year",11,.,.,.
Kentucky,"Private, for-profit, 2-year",12,0.00%,0.00%,0.00%
Louisiana,Overall,1,99.70%,99.70%,99.70%
Louisiana,All 4-year Institutions,2,99.90%,99.90%,99.90%
Louisiana,All 2-year Institutions,3,99.20%,99.20%,99.20%
Louisiana,All Public Institutions,4,100.00%,100.00%,100.00%
Louisiana,"All Private, not-for-profit Institutions",5,99.20%,99.10%,99.10%
Louisiana,"All Private, for-profit Institutions",6,60.40%,60.50%,60.50%
Louisiana,"Public, 4-year",7,100.00%,100.00%,100.00%
Louisiana,"Private, not-for-profit, 4-year",8,99.50%,99.50%,99.50%
Louisiana,"Private, for-profit, 4-year",9,.,.,.
Louisiana,"Public, 2-year",10,100.00%,100.00%,100.00%
Louisiana,"Private, not-for-profit, 2-year",11,0.00%,0.00%,0.00%
Louisiana,"Private, for-profit, 2-year",12,60.40%,60.50%,60.50%
Maine,Overall,1,99.30%,98.00%,98.00%
Maine,All 4-year Institutions,2,99.50%,97.50%,97.50%
Maine,All 2-year Institutions,3,98.40%,99.70%,99.70%
Maine,All Public Institutions,4,100.00%,98.60%,98.60%
Maine,"All Private, not-for-profit Institutions",5,98.60%,98.50%,98.50%
Maine,"All Private, for-profit Institutions",6,0.00%,0.00%,0.00%
Maine,"Public, 4-year",7,100.00%,97.90%,97.90%
Maine,"Private, not-for-profit, 4-year",8,98.90%,98.70%,98.70%
Maine,"Private, for-profit, 4-year",9,.,0.00%,0.00%
Maine,"Public, 2-year",10,100.00%,100.00%,100.00%
Maine,"Private, not-for-profit, 2-year",11,0.00%,0.00%,0.00%
Maine,"Private, for-profit, 2-year",12,0.00%,.,.
Maryland,Overall,1,98.10%,97.90%,97.90%
Maryland,All 4-year Institutions,2,97.50%,97.50%,97.50%
Maryland,All 2-year Institutions,3,99.40%,98.70%,98.70%
Maryland,All Public Institutions,4,98.50%,98.50%,98.50%
Maryland,"All Private, not-for-profit Institutions",5,97.30%,97.10%,97.10%
Maryland,"All Private, for-profit Institutions",6,0.00%,0.00%,0.00%
Maryland,"Public, 4-year",7,97.60%,97.60%,97.60%
Maryland,"Private, not-for-profit, 4-year",8,97.30%,97.10%,97.10%
Maryland,"Private, for-profit, 4-year",9,.,.,.
Maryland,"Public, 2-year",10,100.00%,100.00%,100.00%
Maryland,"Private, not-for-profit, 2-year",11,.,.,.
Maryland,"Private, for-profit, 2-year",12,0.00%,0.00%,0.00%
Massachusetts,Overall,1,98.70%,98.90%,98.90%
Massachusetts,All 4-year Institutions,2,98.40%,98.80%,98.80%
Massachusetts,All 2-year Institutions,3,99.90%,99.90%,99.90%
Massachusetts,All Public Institutions,4,99.40%,99.40%,99.40%
Massachusetts,"All Private, not-for-profit Institutions",5,98.20%,98.70%,98.70%
Massachusetts,"All Private, for-profit Institutions",6,95.00%,85.90%,85.90%
Massachusetts,"Public, 4-year",7,99.00%,99.00%,99.00%
Massachusetts,"Private, not-for-profit, 4-year",8,98.20%,98.70%,98.70%
Massachusetts,"Private, for-profit, 4-year",9,100.00%,100.00%,100.00%
Massachusetts,"Public, 2-year",10,100.00%,100.00%,100.00%
Massachusetts,"Private, not-for-profit, 2-year",11,100.00%,100.00%,100.00%
Massachusetts,"Private, for-profit, 2-year",12,0.00%,0.00%,0.00%
Michigan,Overall,1,99.40%,99.10%,99.10%
Michigan,All 4-year Institutions,2,99.40%,99.20%,99.20%
Michigan,All 2-year Institutions,3,99.10%,98.80%,98.80%
Michigan,All Public Institutions,4,100.00%,100.00%,100.00%
Michigan,"All Private, not-for-profit Institutions",5,96.80%,95.40%,95.40%
Michigan,"All Private, for-profit Institutions",6,0.00%,0.00%,0.00%
Michigan,"Public, 4-year",7,100.00%,100.00%,100.00%
Michigan,"Private, not-for-profit, 4-year",8,96.80%,95.40%,95.40%
Michigan,"Private, for-profit, 4-year",9,.,.,.
Michigan,"Public, 2-year",10,100.00%,100.00%,100.00%
Michigan,"Private, not-for-profit, 2-year",11,.,.,.
Michigan,"Private, for-profit, 2-year",12,0.00%,0.00%,0.00%
Minnesota,Overall,1,99.50%,99.60%,99.60%
Minnesota,All 4-year Institutions,2,99.50%,99.40%,99.40%
Minnesota,All 2-year Institutions,3,99.60%,99.80%,99.80%
Minnesota,All Public Institutions,4,99.90%,99.90%,99.90%
Minnesota,"All Private, not-for-profit Institutions",5,98.00%,98.20%,98.20%
Minnesota,"All Private, for-profit Institutions",6,99.50%,99.50%,99.50%
Minnesota,"Public, 4-year",7,100.00%,100.00%,100.00%
Minnesota,"Private, not-for-profit, 4-year",8,98.20%,98.20%,98.20%
Minnesota,"Private, for-profit, 4-year",9,99.80%,99.60%,99.60%
Minnesota,"Public, 2-year",10,99.90%,99.90%,99.90%
Minnesota,"Private, not-for-profit, 2-year",11,0.00%,100.00%,100.00%
Minnesota,"Private, for-profit, 2-year",12,0.00%,0.00%,0.00%
Mississippi,Overall,1,99.70%,99.70%,99.70%
Mississippi,All 4-year Institutions,2,99.90%,99.80%,99.80%
Mississippi,All 2-year Institutions,3,99.50%,99.50%,99.50%
Mississippi,All Public Institutions,4,100.00%,100.00%,100.00%
Mississippi,"All Private, not-for-profit Institutions",5,99.20%,98.90%,98.90%
Mississippi,"All Private, for-profit Institutions",6,0.00%,0.00%,0.00%
Mississippi,"Public, 4-year",7,100.00%,100.00%,100.00%
Mississippi,"Private, not-for-profit, 4-year",8,99.20%,98.90%,98.90%
Mississippi,"Private, for-profit, 4-year",9,.,.,.
Mississippi,"Public, 2-year",10,100.00%,100.00%,100.00%
Mississippi,"Private, not-for-profit, 2-year",11,.,.,.
Mississippi,"Private, for-profit, 2-year",12,0.00%,0.00%,0.00%
Missouri,Overall,1,97.00%,96.50%,97.20%
Missouri,All 4-year Institutions,2,96.90%,96.50%,97.40%
Missouri,All 2-year Institutions,3,97.10%,96.60%,96.60%
Missouri,All Public Institutions,4,99.40%,99.20%,99.20%
Missouri,"All Private, not-for-profit Institutions",5,94.30%,93.30%,95.10%
Missouri,"All Private, for-profit Institutions",6,16.50%,17.20%,17.20%
Missouri,"Public, 4-year",7,100.00%,100.00%,100.00%
Missouri,"Private, not-for-profit, 4-year",8,94.40%,93.40%,95.20%
Missouri,"Private, for-profit, 4-year",9,26.80%,29.70%,29.70%
Missouri,"Public, 2-year",10,98.30%,97.90%,97.90%
Missouri,"Private, not-for-profit, 2-year",11,0.00%,0.00%,0.00%
Missouri,"Private, for-profit, 2-year",12,0.00%,0.00%,0.00%
Montana,Overall,1,96.90%,97.40%,98.80%
Montana,All 4-year Institutions,2,98.20%,98.30%,100.00%
Montana,All 2-year Institutions,3,90.40%,92.80%,92.80%
Montana,All Public Institutions,4,99.00%,98.10%,99.60%
Montana,"All Private, not-for-profit Institutions",5,76.70%,89.80%,89.80%
Montana,"All Private, for-profit Institutions",6,0.00%,0.00%,0.00%
Montana,"Public, 4-year",7,100.00%,98.10%,100.00%
Montana,"Private, not-for-profit, 4-year",8,82.40%,100.00%,100.00%
Montana,"Private, for-profit, 4-year",9,.,.,.
Montana,"Public, 2-year",10,94.30%,97.90%,97.90%
Montana,"Private, not-for-profit, 2-year",11,0.00%,0.00%,0.00%
Montana,"Private, for-profit, 2-year",12,0.00%,0.00%,0.00%
MultiState,Overall,1,85.20%,85.70%,85.70%
MultiState,All 4-year Institutions,2,93.50%,94.20%,94.20%
MultiState,All 2-year Institutions,3,12.10%,11.10%,11.10%
MultiState,All Public Institutions,4,.,.,.
MultiState,"All Private, not-for-profit Institutions",5,95.90%,95.80%,95.80%
MultiState,"All Private, for-profit Institutions",6,80.80%,81.50%,81.50%
MultiState,"Public, 4-year",7,.,.,.
MultiState,"Private, not-for-profit, 4-year",8,97.10%,96.90%,96.90%
MultiState,"Private, for-profit, 4-year",9,91.90%,92.90%,92.90%
MultiState,"Public, 2-year",10,.,.,.
MultiState,"Private, not-for-profit, 2-year",11,33.70%,41.80%,41.80%
MultiState,"Private, for-profit, 2-year",12,10.90%,9.40%,9.40%
Nebraska,Overall,1,99.90%,99.90%,99.90%
Nebraska,All 4-year Institutions,2,99.90%,99.90%,99.90%
Nebraska,All 2-year Institutions,3,99.80%,99.90%,99.90%
Nebraska,All Public Institutions,4,100.00%,100.00%,100.00%
Nebraska,"All Private, not-for-profit Institutions",5,99.90%,99.90%,99.90%
Nebraska,"All Private, for-profit Institutions",6,0.00%,0.00%,0.00%
Nebraska,"Public, 4-year",7,100.00%,100.00%,100.00%
Nebraska,"Private, not-for-profit, 4-year",8,99.90%,99.90%,99.90%
Nebraska,"Private, for-profit, 4-year",9,0.00%,0.00%,0.00%
Nebraska,"Public, 2-year",10,100.00%,100.00%,100.00%
Nebraska,"Private, not-for-profit, 2-year",11,0.00%,0.00%,0.00%
Nebraska,"Private, for-profit, 2-year",12,0.00%,0.00%,0.00%
Nevada,Overall,1,98.20%,97.90%,97.90%
Nevada,All 4-year Institutions,2,99.50%,99.40%,99.40%
Nevada,All 2-year Institutions,3,0.00%,0.00%,0.00%
Nevada,All Public Institutions,4,100.00%,100.00%,100.00%
Nevada,"All Private, not-for-profit Institutions",5,94.90%,98.30%,98.30%
Nevada,"All Private, for-profit Institutions",6,0.00%,0.00%,0.00%
Nevada,"Public, 4-year",7,100.00%,100.00%,100.00%
Nevada,"Private, not-for-profit, 4-year",8,98.30%,98.30%,98.30%
Nevada,"Private, for-profit, 4-year",9,0.00%,0.00%,0.00%
Nevada,"Public, 2-year",10,.,.,.
Nevada,"Private, not-for-profit, 2-year",11,0.00%,.,.
Nevada,"Private, for-profit, 2-year",12,0.00%,0.00%,0.00%
New_Hampshire,Overall,1,99.60%,99.80%,99.80%
New_Hampshire,All 4-year Institutions,2,99.70%,99.90%,99.90%
New_Hampshire,All 2-year Institutions,3,99.10%,99.10%,99.10%
New_Hampshire,All Public Institutions,4,100.00%,100.00%,100.00%
New_Hampshire,"All Private, not-for-profit Institutions",5,99.50%,99.80%,99.80%
New_Hampshire,"All Private, for-profit Institutions",6,.,,
New_Hampshire,"Public, 4-year",7,100.00%,100.00%,100.00%
New_Hampshire,"Private, not-for-profit, 4-year",8,99.60%,99.90%,99.90%
New_Hampshire,"Private, for-profit, 4-year",9,.,.,.
New_Hampshire,"Public, 2-year",10,100.00%,100.00%,100.00%
New_Hampshire,"Private, not-for-profit, 2-year",11,0.00%,0.00%,0.00%
New_Hampshire,"Private, for-profit, 2-year",12,.,.,.
New_Jersey,Overall,1,95.80%,95.50%,95.50%
New_Jersey,All 4-year Institutions,2,96.20%,95.90%,95.90%
New_Jersey,All 2-year Institutions,3,95.00%,94.60%,94.60%
New_Jersey,All Public Institutions,4,99.10%,99.10%,99.10%
New_Jersey,"All Private, not-for-profit Institutions",5,87.70%,87.20%,87.20%
New_Jersey,"All Private, for-profit Institutions",6,39.00%,32.50%,32.50%
New_Jersey,"Public, 4-year",7,100.00%,100.00%,100.00%
New_Jersey,"Private, not-for-profit, 4-year",8,87.90%,87.40%,87.40%
New_Jersey,"Private, for-profit, 4-year",9,72.00%,65.60%,65.60%
New_Jersey,"Public, 2-year",10,97.90%,97.80%,97.80%
New_Jersey,"Private, not-for-profit, 2-year",11,0.00%,0.00%,0.00%
New_Jersey,"Private, for-profit, 2-year",12,0.00%,0.00%,0.00%
New_Mexico,Overall,1,95.20%,96.20%,96.20%
New_Mexico,All 4-year Institutions,2,93.60%,95.30%,95.30%
New_Mexico,All 2-year Institutions,3,96.50%,97.00%,97.00%
New_Mexico,All Public Institutions,4,95.30%,96.80%,96.80%
New_Mexico,"All Private, not-for-profit Institutions",5,88.30%,87.70%,87.70%
New_Mexico,"All Private, for-profit Institutions",6,0.00%,0.00%,0.00%
New_Mexico,"Public, 4-year",7,93.70%,96.60%,96.60%
New_Mexico,"Private, not-for-profit, 4-year",8,88.30%,87.70%,87.70%
New_Mexico,"Private, for-profit, 4-year",9,.,0.00%,0.00%
New_Mexico,"Public, 2-year",10,96.60%,97.00%,97.00%
New_Mexico,"Private, not-for-profit, 2-year",11,.,.,.
New_Mexico,"Private, for-profit, 2-year",12,0.00%,.,.
New_York,Overall,1,97.00%,97.00%,97.00%
New_York,All 4-year Institutions,2,96.60%,96.70%,96.80%
New_York,All 2-year Institutions,3,98.20%,97.70%,97.70%
New_York,All Public Institutions,4,99.20%,99.20%,99.20%
New_York,"All Private, not-for-profit Institutions",5,94.70%,94.80%,94.80%
New_York,"All Private, for-profit Institutions",6,82.90%,81.00%,81.00%
New_York,"Public, 4-year",7,98.60%,98.70%,98.70%
New_York,"Private, not-for-profit, 4-year",8,95.00%,95.20%,95.30%
New_York,"Private, for-profit, 4-year",9,93.80%,95.10%,95.10%
New_York,"Public, 2-year",10,100.00%,100.00%,100.00%
New_York,"Private, not-for-profit, 2-year",11,28.20%,22.30%,22.30%
New_York,"Private, for-profit, 2-year",12,56.90%,7.10%,7.10%
North_Carolina,Overall,1,99.60%,99.70%,99.70%
North_Carolina,All 4-year Institutions,2,99.30%,99.50%,99.50%
North_Carolina,All 2-year Institutions,3,100.00%,100.00%,100.00%
North_Carolina,All Public Institutions,4,100.00%,100.00%,100.00%
North_Carolina,"All Private, not-for-profit Institutions",5,97.80%,98.40%,98.40%
North_Carolina,"All Private, for-profit Institutions",6,0.00%,0.00%,0.00%
North_Carolina,"Public, 4-year",7,100.00%,100.00%,100.00%
North_Carolina,"Private, not-for-profit, 4-year",8,97.70%,98.40%,98.40%
North_Carolina,"Private, for-profit, 4-year",9,0.00%,0.00%,0.00%
North_Carolina,"Public, 2-year",10,100.00%,100.00%,100.00%
North_Carolina,"Private, not-for-profit, 2-year",11,100.00%,100.00%,100.00%
North_Carolina,"Private, for-profit, 2-year",12,.,.,.
North_Dakota,Overall,1,99.60%,100.00%,100.00%
North_Dakota,All 4-year Institutions,2,99.60%,100.00%,100.00%
North_Dakota,All 2-year Institutions,3,100.00%,100.00%,100.00%
North_Dakota,All Public Institutions,4,99.60%,100.00%,100.00%
North_Dakota,"All Private, not-for-profit Institutions",5,100.00%,100.00%,100.00%
North_Dakota,"All Private, for-profit Institutions",6,.,.,.
North_Dakota,"Public, 4-year",7,99.50%,100.00%,100.00%
North_Dakota,"Private, not-for-profit, 4-year",8,100.00%,100.00%,100.00%
North_Dakota,"Private, for-profit, 4-year",9,.,.,.
North_Dakota,"Public, 2-year",10,100.00%,100.00%,100.00%
North_Dakota,"Private, not-for-profit, 2-year",11,.,.,.
North_Dakota,"Private, for-profit, 2-year",12,.,.,.
Ohio,Overall,1,98.40%,98.50%,98.50%
Ohio,All 4-year Institutions,2,98.80%,99.10%,99.10%
Ohio,All 2-year Institutions,3,97.10%,96.40%,96.40%
Ohio,All Public Institutions,4,100.00%,100.00%,100.00%
Ohio,"All Private, not-for-profit Institutions",5,97.60%,98.00%,98.00%
Ohio,"All Private, for-profit Institutions",6,0.00%,0.00%,0.00%
Ohio,"Public, 4-year",7,100.00%,100.00%,100.00%
Ohio,"Private, not-for-profit, 4-year",8,97.80%,98.30%,98.30%
Ohio,"Private, for-profit, 4-year",9,0.00%,0.00%,0.00%
Ohio,"Public, 2-year",10,100.00%,100.00%,100.00%
Ohio,"Private, not-for-profit, 2-year",11,41.40%,41.60%,41.60%
Ohio,"Private, for-profit, 2-year",12,0.00%,0.00%,0.00%
Oklahoma,Overall,1,97.80%,97.70%,97.70%
Oklahoma,All 4-year Institutions,2,97.40%,97.50%,97.50%
Oklahoma,All 2-year Institutions,3,99.00%,98.20%,98.20%
Oklahoma,All Public Institutions,4,99.40%,99.30%,99.30%
Oklahoma,"All Private, not-for-profit Institutions",5,89.00%,88.60%,88.60%
Oklahoma,"All Private, for-profit Institutions",6,0.00%,0.00%,0.00%
Oklahoma,"Public, 4-year",7,99.20%,99.00%,99.00%
Oklahoma,"Private, not-for-profit, 4-year",8,91.60%,91.70%,91.70%
Oklahoma,"Private, for-profit, 4-year",9,0.00%,0.00%,0.00%
Oklahoma,"Public, 2-year",10,100.00%,100.00%,100.00%
Oklahoma,"Private, not-for-profit, 2-year",11,0.00%,0.00%,0.00%
Oklahoma,"Private, for-profit, 2-year",12,.,0.00%,0.00%
Oregon,Overall,1,98.20%,95.80%,95.80%
Oregon,All 4-year Institutions,2,97.60%,93.80%,93.80%
Oregon,All 2-year Institutions,3,99.10%,99.10%,99.10%
Oregon,All Public Institutions,4,100.00%,100.00%,100.00%
Oregon,"All Private, not-for-profit Institutions",5,95.00%,78.60%,78.60%
Oregon,"All Private, for-profit Institutions",6,0.00%,0.00%,0.00%
Oregon,"Public, 4-year",7,100.00%,100.00%,100.00%
Oregon,"Private, not-for-profit, 4-year",8,95.10%,78.60%,78.60%
Oregon,"Private, for-profit, 4-year",9,0.00%,0.00%,0.00%
Oregon,"Public, 2-year",10,100.00%,100.00%,100.00%
Oregon,"Private, not-for-profit, 2-year",11,0.00%,0.00%,0.00%
Oregon,"Private, for-profit, 2-year",12,0.00%,0.00%,0.00%
Pennsylvania,Overall,1,98.10%,98.00%,98.00%
Pennsylvania,All 4-year Institutions,2,99.10%,99.10%,99.10%
Pennsylvania,All 2-year Institutions,3,94.10%,93.70%,93.70%
Pennsylvania,All Public Institutions,4,100.00%,100.00%,100.00%
Pennsylvania,"All Private, not-for-profit Institutions",5,97.80%,97.50%,97.50%
Pennsylvania,"All Private, for-profit Institutions",6,18.40%,17.70%,17.70%
Pennsylvania,"Public, 4-year",7,100.00%,100.00%,100.00%
Pennsylvania,"Private, not-for-profit, 4-year",8,98.40%,98.20%,98.20%
Pennsylvania,"Private, for-profit, 4-year",9,71.60%,79.00%,79.00%
Pennsylvania,"Public, 2-year",10,100.00%,100.00%,100.00%
Pennsylvania,"Private, not-for-profit, 2-year",11,60.80%,57.80%,57.80%
Pennsylvania,"Private, for-profit, 2-year",12,6.30%,5.30%,5.30%
Rhode_Island,Overall,1,100.00%,99.80%,100.00%
Rhode_Island,All 4-year Institutions,2,100.00%,99.70%,100.00%
Rhode_Island,All 2-year Institutions,3,100.00%,100.00%,100.00%
Rhode_Island,All Public Institutions,4,100.00%,100.00%,100.00%
Rhode_Island,"All Private, not-for-profit Institutions",5,100.00%,99.50%,100.00%
Rhode_Island,"All Private, for-profit Institutions",6,.,.,.
Rhode_Island,"Public, 4-year",7,100.00%,100.00%,100.00%
Rhode_Island,"Private, not-for-profit, 4-year",8,100.00%,99.50%,100.00%
Rhode_Island,"Private, for-profit, 4-year",9,.,.,.
Rhode_Island,"Public, 2-year",10,100.00%,100.00%,100.00%
Rhode_Island,"Private, not-for-profit, 2-year",11,.,.,.
Rhode_Island,"Private, for-profit, 2-year",12,.,.,.
South_Carolina,Overall,1,99.20%,99.10%,99.10%
South_Carolina,All 4-year Institutions,2,99.10%,98.90%,98.90%
South_Carolina,All 2-year Institutions,3,99.60%,99.40%,99.40%
South_Carolina,All Public Institutions,4,100.00%,100.00%,100.00%
South_Carolina,"All Private, not-for-profit Institutions",5,96.10%,95.10%,95.10%
South_Carolina,"All Private, for-profit Institutions",6,63.80%,59.60%,59.60%
South_Carolina,"Public, 4-year",7,100.00%,100.00%,100.00%
South_Carolina,"Private, not-for-profit, 4-year",8,96.00%,95.10%,95.10%
South_Carolina,"Private, for-profit, 4-year",9,100.00%,100.00%,100.00%
South_Carolina,"Public, 2-year",10,100.00%,100.00%,100.00%
South_Carolina,"Private, not-for-profit, 2-year",11,100.00%,.,.
South_Carolina,"Private, for-profit, 2-year",12,0.00%,0.00%,0.00%
South_Dakota,Overall,1,97.90%,99.20%,99.20%
South_Dakota,All 4-year Institutions,2,98.00%,99.00%,99.00%
South_Dakota,All 2-year Institutions,3,97.60%,100.00%,100.00%
South_Dakota,All Public Institutions,4,99.60%,100.00%,100.00%
South_Dakota,"All Private, not-for-profit Institutions",5,88.00%,93.80%,93.80%
South_Dakota,"All Private, for-profit Institutions",6,.,.,.
South_Dakota,"Public, 4-year",7,100.00%,100.00%,100.00%
South_Dakota,"Private, not-for-profit, 4-year",8,88.00%,93.80%,93.80%
South_Dakota,"Private, for-profit, 4-year",9,.,.,.
South_Dakota,"Public, 2-year",10,97.60%,100.00%,100.00%
South_Dakota,"Private, not-for-profit, 2-year",11,.,.,.
South_Dakota,"Private, for-profit, 2-year",12,.,.,.
Tennessee,Overall,1,98.00%,97.80%,97.80%
Tennessee,All 4-year Institutions,2,98.40%,98.30%,98.30%
Tennessee,All 2-year Institutions,3,97.00%,96.70%,96.70%
Tennessee,All Public Institutions,4,100.00%,100.00%,100.00%
Tennessee,"All Private, not-for-profit Institutions",5,96.90%,96.90%,96.90%
Tennessee,"All Private, for-profit Institutions",6,42.20%,39.70%,39.70%
Tennessee,"Public, 4-year",7,100.00%,100.00%,100.00%
Tennessee,"Private, not-for-profit, 4-year",8,97.40%,97.50%,97.50%
Tennessee,"Private, for-profit, 4-year",9,66.00%,61.00%,61.00%
Tennessee,"Public, 2-year",10,100.00%,100.00%,100.00%
Tennessee,"Private, not-for-profit, 2-year",11,0.00%,0.00%,0.00%
Tennessee,"Private, for-profit, 2-year",12,0.00%,0.00%,0.00%
Texas,Overall,1,98.00%,97.30%,97.30%
Texas,All 4-year Institutions,2,98.60%,98.70%,98.70%
Texas,All 2-year Institutions,3,97.10%,95.50%,95.50%
Texas,All Public Institutions,4,99.30%,99.20%,99.20%
Texas,"All Private, not-for-profit Institutions",5,96.20%,96.30%,96.70%
Texas,"All Private, for-profit Institutions",6,3.60%,3.00%,3.00%
Texas,"Public, 4-year",7,100.00%,100.00%,100.00%
Texas,"Private, not-for-profit, 4-year",8,96.50%,96.70%,97.10%
Texas,"Private, for-profit, 4-year",9,7.40%,6.60%,6.60%
Texas,"Public, 2-year",10,98.50%,98.20%,98.20%
Texas,"Private, not-for-profit, 2-year",11,56.60%,46.90%,46.90%
Texas,"Private, for-profit, 2-year",12,0.00%,0.00%,0.00%
Utah,Overall,1,99.30%,99.40%,99.40%
Utah,All 4-year Institutions,2,99.20%,99.30%,99.30%
Utah,All 2-year Institutions,3,100.00%,100.00%,100.00%
Utah,All Public Institutions,4,100.00%,100.00%,100.00%
Utah,"All Private, not-for-profit Institutions",5,99.80%,99.90%,99.90%
Utah,"All Private, for-profit Institutions",6,24.00%,48.20%,48.20%
Utah,"Public, 4-year",7,100.00%,100.00%,100.00%
Utah,"Private, not-for-profit, 4-year",8,99.80%,99.90%,99.90%
Utah,"Private, for-profit, 4-year",9,24.00%,48.20%,48.20%
Utah,"Public, 2-year",10,100.00%,100.00%,100.00%
Utah,"Private, not-for-profit, 2-year",11,100.00%,100.00%,100.00%
Utah,"Private, for-profit, 2-year",12,.,.,.
Vermont,Overall,1,96.50%,99.10%,99.10%
Vermont,All 4-year Institutions,2,95.90%,99.00%,99.00%
Vermont,All 2-year Institutions,3,100.00%,100.00%,100.00%
Vermont,All Public Institutions,4,100.00%,100.00%,100.00%
Vermont,"All Private, not-for-profit Institutions",5,90.60%,97.40%,97.40%
Vermont,"All Private, for-profit Institutions",6,100.00%,100.00%,100.00%
Vermont,"Public, 4-year",7,100.00%,100.00%,100.00%
Vermont,"Private, not-for-profit, 4-year",8,90.60%,97.40%,97.40%
Vermont,"Private, for-profit, 4-year",9,100.00%,100.00%,100.00%
Vermont,"Public, 2-year",10,100.00%,100.00%,100.00%
Vermont,"Private, not-for-profit, 2-year",11,.,.,.
Vermont,"Private, for-profit, 2-year",12,.,.,.
Virginia,Overall,1,97.90%,98.10%,98.10%
Virginia,All 4-year Institutions,2,97.40%,97.70%,97.70%
Virginia,All 2-year Institutions,3,99.20%,99.00%,99.00%
Virginia,All Public Institutions,4,100.00%,100.00%,100.00%
Virginia,"All Private, not-for-profit Institutions",5,95.10%,96.10%,96.10%
Virginia,"All Private, for-profit Institutions",6,75.60%,74.70%,74.70%
Virginia,"Public, 4-year",7,100.00%,100.00%,100.00%
Virginia,"Private, not-for-profit, 4-year",8,95.10%,96.10%,96.10%
Virginia,"Private, for-profit, 4-year",9,80.40%,80.50%,80.50%
Virginia,"Public, 2-year",10,100.00%,100.00%,100.00%
Virginia,"Private, not-for-profit, 2-year",11,83.50%,82.00%,82.00%
Virginia,"Private, for-profit, 2-year",12,37.20%,29.10%,29.10%
Washington,Overall,1,98.80%,98.80%,98.80%
Washington,All 4-year Institutions,2,98.70%,98.80%,98.80%
Washington,All 2-year Institutions,3,99.90%,99.90%,99.90%
Washington,All Public Institutions,4,100.00%,100.00%,100.00%
Washington,"All Private, not-for-profit Institutions",5,99.40%,99.30%,99.30%
Washington,"All Private, for-profit Institutions",6,0.00%,0.00%,0.00%
Washington,"Public, 4-year",7,100.00%,100.00%,100.00%
Washington,"Private, not-for-profit, 4-year",8,99.50%,99.40%,99.40%
Washington,"Private, for-profit, 4-year",9,0.00%,0.00%,0.00%
Washington,"Public, 2-year",10,100.00%,100.00%,100.00%
Washington,"Private, not-for-profit, 2-year",11,96.00%,96.10%,96.10%
Washington,"Private, for-profit, 2-year",12,.,.,.
West_Virginia,Overall,1,96.20%,96.20%,96.20%
West_Virginia,All 4-year Institutions,2,97.20%,97.40%,97.40%
West_Virginia,All 2-year Institutions,3,89.30%,88.20%,88.20%
West_Virginia,All Public Institutions,4,98.80%,98.80%,98.80%
West_Virginia,"All Private, not-for-profit Institutions",5,88.10%,90.00%,90.00%
West_Virginia,"All Private, for-profit Institutions",6,93.40%,92.70%,92.70%
West_Virginia,"Public, 4-year",7,98.70%,98.80%,98.80%
West_Virginia,"Private, not-for-profit, 4-year",8,88.10%,90.00%,90.00%
West_Virginia,"Private, for-profit, 4-year",9,96.80%,96.80%,96.80%
West_Virginia,"Public, 2-year",10,99.00%,98.90%,98.90%
West_Virginia,"Private, not-for-profit, 2-year",11,.,.,.
West_Virginia,"Private, for-profit, 2-year",12,0.00%,0.00%,0.00%
Wisconsin,Overall,1,99.60%,99.50%,99.50%
Wisconsin,All 4-year Institutions,2,99.50%,99.40%,99.40%
Wisconsin,All 2-year Institutions,3,99.80%,99.80%,99.80%
Wisconsin,All Public Institutions,4,100.00%,100.00%,100.00%
Wisconsin,"All Private, not-for-profit Institutions",5,97.80%,97.50%,97.50%
Wisconsin,"All Private, for-profit Institutions",6,0.00%,0.00%,0.00%
Wisconsin,"Public, 4-year",7,100.00%,100.00%,100.00%
Wisconsin,"Private, not-for-profit, 4-year",8,97.80%,97.50%,97.50%
Wisconsin,"Private, for-profit, 4-year",9,.,.,.
Wisconsin,"Public, 2-year",10,100.00%,100.00%,100.00%
Wisconsin,"Private, not-for-profit, 2-year",11,.,.,.
Wisconsin,"Private, for-profit, 2-year",12,0.00%,0.00%,0.00%
Wyoming,Overall,1,100.00%,100.00%,100.00%
Wyoming,All 4-year Institutions,2,100.00%,100.00%,100.00%
Wyoming,All 2-year Institutions,3,100.00%,100.00%,100.00%
Wyoming,All Public Institutions,4,100.00%,100.00%,100.00%
Wyoming,"All Private, not-for-profit Institutions",5,.,.,.
Wyoming,"All Private, for-profit Institutions",6,.,.,.
Wyoming,"Public, 4-year",7,100.00%,100.00%,100.00%
Wyoming,"Private, not-for-profit, 4-year",8,.,.,.
Wyoming,"Private, for-profit, 4-year",9,.,.,.
Wyoming,"Public, 2-year",10,100.00%,100.00%,100.00%
Wyoming,"Private, not-for-profit, 2-year",11,.,.,.
Wyoming,"Private, for-profit, 2-year",12,.,.,.
